referee,code
Andre Marriner,0
Andrew Kitchen,1
Andy Madley,2
Anthony Taylor,3
Chris Kavanagh,4
Craig Pawson,5
Darren Bond,6
Darren England,7
David Coote,8
David Webb,9
Graham Scott,10
Jarred Gillett,11
John Brooks,12
Jonathan Moss,13
Joshua Smith,14
Kevin Friend,15
Lee Mason,16
Lewis Smith,17
Martin Atkinson,18
Matt Donohue,19
Michael Oliver,20
Michael Salisbury,21
Mike Dean,22
Paul Tierney,23
Peter Bankes,24
Rebecca Welch,25
Robert Jones,26
Robert Madley,27
Samuel Allison,28
Samuel Barrott,29
Simon Hooper,30
Stuart Attwell,31
Sunny Singh,32
Thomas Bramall,33
Tim Robinson,34
Tony Harrington,35
